City_ID,City,Country,Max Temp,Current Description,Lat,Lng,Hotel Name
0,Erzin,TR,79.47,broken clouds,36.9559,36.2,Artemis Otel
2,Praia Da Vitoria,PT,74.34,few clouds,38.7333,-27.0667,Hotel Branco I
4,Saint George,US,84.79,clear sky,37.1041,-113.5841,Best Western Plus Abbey Inn
6,Puerto Colombia,CO,80.53,overcast clouds,10.9878,-74.9547,Hotel El Emigrante
11,Butaritari,KI,80.78,light rain,3.0707,172.7902,Isles Sunset Lodge
12,Jamestown,US,70.52,light rain,42.097,-79.2353,Hampton Inn & Suites Jamestown
15,Ivybridge,GB,72.72,overcast clouds,50.3904,-3.9191,The Anchor Inn
16,Georgetown,MY,81.95,overcast clouds,5.4112,100.3354,Cititel Penang
17,Hithadhoo,MV,82.26,overcast clouds,-0.6,73.0833,Scoop Guest House
18,Ponta Do Sol,PT,78.12,scattered clouds,32.6667,-17.1,Hotel do Campo
21,Roma,US,73.72,light rain,43.2128,-75.4557,Wingate By Wyndham Rome
26,Behshahr,IR,76.59,clear sky,36.6923,53.5526,Abbas Abad Hotel & Restaurant
35,Hamilton,US,74.89,clear sky,39.1834,-84.5333,Six Acres Bed & Breakfast
37,Souillac,MU,70.9,few clouds,-20.5167,57.5167,Shanti Maurice Resort & Spa
39,Mahebourg,MU,71.26,light rain,-20.4081,57.7,Shandrani Beachcomber Resort & Spa
41,Benguela,AO,73.67,few clouds,-12.5763,13.4055,Hotel Praia Morena
42,Olutanga,PH,83.14,overcast clouds,7.3106,122.8464,Morales Lodge
46,Folkestone,GB,74.1,overcast clouds,51.0833,1.1833,Folkestone Grand Burstin Hotel
48,Clearlake,US,81.18,clear sky,38.9582,-122.6264,Americas Best Value Inn & Suites Clearlake Wine Country
49,Lagoa,PT,73.31,few clouds,39.05,-27.9833,Casa Das Faias
51,Nieuw Amsterdam,SR,80.02,broken clouds,5.8833,-55.0833,Hotel Stardust
52,Atuona,PF,75.81,broken clouds,-9.8,-139.0333,Hôtel Hiva Oa Hanakee Lodge
54,Vaini,TO,71.49,few clouds,-21.2,-175.2,Keleti Beach Resort
55,Nikolskoye,RU,70.9,broken clouds,59.7035,30.7861,Tourist House - Sablino
56,Hongjiang,CN,79.97,broken clouds,27.11,109.9956,洪江大酒店
58,Kapaa,US,72.1,clear sky,22.0752,-159.319,Sheraton Kauai Coconut Beach Resort
60,Hilo,US,74.28,scattered clouds,19.7297,-155.09,Hilo Hawaiian Hotel
61,Chima,IN,83.62,scattered clouds,30.6854,76.0863,"JASVIR SINGH AUJLA, ADVOCATE"
62,Grand Gaube,MU,71.38,scattered clouds,-20.0064,57.6608,Veranda Paul et Virginie Hotel & Spa
65,Kavieng,PG,81.16,scattered clouds,-2.5744,150.7967,Nusa Island Retreat
66,Naze,JP,80.04,scattered clouds,28.3667,129.4833,Shishime Hotel
67,Broome,US,74.53,overcast clouds,42.2506,-75.833,Chenango Valley State Park
69,Rajapur,IN,80.78,few clouds,25.3833,81.15,Sahu Ji Galla Mills
72,Biak,ID,74.32,overcast clouds,-0.9131,122.8766,Penginapan Kim
73,Eydhafushi,MV,81.54,broken clouds,5.1033,73.0708,Soneva Fushi
74,Ko Samui,TH,84.06,overcast clouds,9.5357,99.9357,The Passage
80,Dallas,US,74.98,very heavy rain,32.7668,-96.7836,"Hotel Indigo Dallas Downtown, an IHG Hotel"
81,Port Hedland,AU,71.53,clear sky,-20.3167,118.5667,The Esplanade Hotel
84,Faanui,PF,77.59,light rain,-16.4833,-151.75,Bora-Bora Pearl Beach Resort & Spa
91,Bethel,US,75.02,overcast clouds,41.3712,-73.414,Courtyard by Marriott Danbury
93,Dingle,PH,76.08,overcast clouds,10.9995,122.6711,SEGAYA PROPERTY
96,Lorengau,PG,81.27,scattered clouds,-2.0226,147.2712,Lorengau Harbourside Hotel
98,Veraval,IN,80.87,overcast clouds,20.9,70.3667,Lords Inn Somnath
104,Cayenne,GF,81.39,overcast clouds,4.9333,-52.3333,Hôtel Le Dronmi
106,Sucua,EC,76.57,light rain,-2.4667,-78.1667,Finca el Piura
107,Salalah,OM,75.43,overcast clouds,17.0151,54.0924,"HAMDAN PLAZA HOTEL SALALAH, an HTG Hotel"
115,Bengkulu,ID,75.45,broken clouds,-3.8004,102.2655,Grage Hotel Bengkulu
117,Carquefou,FR,76.14,overcast clouds,47.2982,-1.4902,Best Western Plus Hôtel de la Régate
118,Torbay,CA,73.89,clear sky,47.6666,-52.7314,Gallows Cove
119,Samarinda,ID,73.72,overcast clouds,-0.5,117.15,ASTON Samarinda Hotel & Convention Center
121,Carnarvon,AU,71.2,clear sky,-24.8667,113.6333,Hospitality Carnarvon
127,Nouadhibou,MR,71.85,scattered clouds,20.931,-17.0347,El Medina
129,Saint-Felicien,CA,73.69,overcast clouds,48.6501,-72.4491,Hôtel du Jardin
137,Scicli,IT,80.4,overcast clouds,36.7902,14.7014,Le Dimore Dei Venti
141,Santa Isabel,BR,71.85,scattered clouds,-23.3156,-46.2214,Chácara Sombra do Altíssimo
142,Santa Cruz,BO,80.51,broken clouds,-17.8,-63.1667,Aviador Hotel Boutique
144,Saint Anthony,US,79.83,broken clouds,45.0205,-93.218,"Holiday Inn Express Roseville-St. Paul, an IHG Hotel"
145,Saint-Philippe,RE,72.21,scattered clouds,-21.3585,55.7679,Le four à pain
146,Vanimo,PG,77.27,broken clouds,-2.6741,141.3028,Vahmoneh Lodge Vanimo
148,Damghan,IR,77.52,clear sky,36.1683,54.348,خوابگاه اساتيد دانشگاه دامغان
149,Lishui,CN,83.88,overcast clouds,28.4604,119.9103,Bayi Hotel
153,Katsuura,JP,77.14,broken clouds,35.1333,140.3,Katsuura Hotel Mikazuki
158,Mporokoso,ZM,74.5,broken clouds,-9.3727,30.125,Kutemwa lodge
159,Thai Binh,VN,82.2,overcast clouds,20.45,106.3333,Sweden Hotel
161,Chapais,CA,72.07,scattered clouds,49.7834,-74.8492,Hôtel Opémiska
162,Namie,JP,76.71,overcast clouds,37.4833,141.0,いこいの村なみえ
163,Sabang,ID,82.54,overcast clouds,5.8933,95.3214,Hotel Citra
165,Hambantota,LK,79.77,overcast clouds,6.1241,81.1185,Bungalow 63
168,Dawlatabad,AF,76.78,clear sky,36.4141,64.9053,WASIM ASGAR KHAN
170,Mayumba,GA,72.28,overcast clouds,-3.432,10.6554,LIKWALE LODGE
173,Faya,SA,71.15,broken clouds,18.3851,42.4509,املاك خالد الشعشوع
179,Palmer,US,75.58,overcast clouds,42.1584,-72.3287,Wedgewood Motel
180,Bonthe,SL,80.76,light rain,7.5264,-12.505,Bonthe Holiday Village
181,Karaton,ID,74.35,scattered clouds,-6.3424,106.1045,Parkir Mobil Wisata CAS Water Park
182,Bathsheba,BB,82.94,overcast clouds,13.2167,-59.5167,Atlantis Hotel
184,Avarua,CK,74.07,overcast clouds,-21.2078,-159.775,Paradise Inn
185,Bambous Virieux,MU,71.22,light rain,-20.3428,57.7575,Casa Tia Villa
190,Baculin,PH,78.6,overcast clouds,7.4525,126.5842,Baculin Cove Beach Resort
197,Sao Joao Da Barra,BR,70.03,overcast clouds,-21.6403,-41.0511,Pousada Porto De Canoas
199,Vaitape,PF,77.56,light rain,-16.5167,-151.75,Conrad Bora Bora Nui
202,Port Blair,IN,81.05,light rain,11.6667,92.75,"Welcomhotel By ITC Hotels, Bay Island, Port Blair"
204,New London,US,74.19,moderate rain,41.4834,-72.0662,Hyatt Place Mohegan Sun
206,Auki,SB,76.08,clear sky,-8.7676,160.7034,Auki Motel
208,Laguna,US,79.09,clear sky,38.421,-121.4238,"Holiday Inn Express & Suites Elk Grove Central - Hwy 99, an IHG Hotel"
210,Fomboni,KM,75.94,clear sky,-12.28,43.7425,Auberge les abou
211,La Mana,EC,77.72,overcast clouds,-0.9333,-79.2167,Hotel Somagg
212,Malartic,CA,77.02,few clouds,48.1335,-78.1328,Camping Regional De Malartic
214,Mersing,MY,78.22,light rain,2.4312,103.8405,Timotel Hotel
215,Katra,IN,77.4,broken clouds,32.9833,74.95,KC Residency Katra (4 Star) Experience the Luxuries of a 5 Star
216,Suleja,NG,78.48,moderate rain,9.1758,7.1808,Capy Motel
219,Iralaya,HN,82.0,overcast clouds,15.0,-83.2333,Iglesia morava renovada
222,Llanes,ES,73.17,overcast clouds,43.4198,-4.7549,Hotel La Paz
229,Puri,IN,84.87,overcast clouds,19.8,85.85,OYO 1577 Hotel Shree Hari Grand
238,Kieta,PG,77.18,broken clouds,-6.2167,155.6333,Uruna Bay Retreat
242,Asfi,MA,76.77,clear sky,32.2994,-9.2372,Hôtel Abda
245,Kenora,CA,77.77,broken clouds,49.8167,-94.4337,Maynard Lake Lodge
246,San Andres,CO,81.52,overcast clouds,12.5847,-81.7006,Hotel Arena Blanca
248,Port Hawkesbury,CA,77.92,scattered clouds,45.6169,-61.3485,MacKenzie House Tourist Home B&B
249,Rangapara,IN,83.71,scattered clouds,26.8167,92.65,Bidhan
254,Mogadishu,SO,76.28,broken clouds,2.0371,45.3438,Hotel Juba
255,Makakilo City,US,75.69,clear sky,21.3469,-158.0858,Marriott's Ko Olina Beach Club
257,Los Llanos De Aridane,ES,76.91,clear sky,28.6585,-17.9182,Valle Aridane
258,Hope,US,75.07,light rain,33.6671,-93.5916,Best Western Hope
260,Gonbad-E Qabus,IR,84.65,clear sky,37.25,55.1672,Samin Building
272,Sterling,US,84.78,clear sky,39.0062,-77.4286,Hampton Inn & Suites Washington-Dulles International Airport
273,Kantilo,IN,83.28,overcast clouds,20.35,85.1833,Hostel Building at Kantilo Nilamadhaba Mahavidyalaya
276,Meshchovsk,RU,70.68,overcast clouds,54.3244,35.2808,Gaget detox place
279,Sao Filipe,CV,79.7,light rain,14.8961,-24.4956,Hotel Xaguate
283,Axim,GH,77.77,overcast clouds,4.8699,-2.2405,Axim Beach Resort And Spa
286,Paka,MY,78.82,broken clouds,4.6374,103.4368,RUMBIA RESORT VILLA Paka Terengganu
287,Vezirkopru,TR,81.55,scattered clouds,41.1436,35.4547,Vezirkopru Ogretmenevi
289,General Cepeda,MX,77.77,overcast clouds,25.3833,-101.45,Hacienda Los Jose
291,Bandarbeyla,SO,76.26,clear sky,9.4942,50.8122,JABIR HOTEL
292,Palmas De Monte Alto,BR,83.8,scattered clouds,-14.2672,-43.1619,RAVENA AUTO POSTO LTDA
293,Denpasar,ID,77.72,overcast clouds,-8.65,115.2167,OYO 3156 Hotel Warta 2
294,Sal Rei,CV,80.67,overcast clouds,16.1833,-22.9167,Marine Club Beach Resort
295,Nantucket,US,72.0,overcast clouds,41.2835,-70.0995,Jared Coffin House
298,Loa Janan,ID,73.99,overcast clouds,-0.583,117.095,Kost bu jono
299,Encheng,CN,79.18,broken clouds,22.1839,112.3026,Pinghu Hostel
300,Ngara,TZ,71.35,overcast clouds,-2.5122,30.6558,Amahoro Hotel
302,Tiarei,PF,76.62,light rain,-17.5333,-149.3333,Le Rocher de Tahiti
304,Tura,IN,79.41,overcast clouds,25.5198,90.2201,Hotel RIKMAN Continental
305,Dickson,US,81.95,overcast clouds,36.077,-87.3878,East Hills Bed & Breakfast Inn
307,Nanakuli,US,77.11,clear sky,21.3906,-158.1547,Camp Pālehua
309,Tongchuan,CN,77.43,broken clouds,35.0806,109.0897,Tongchuan Hotel
311,Along,IN,78.17,few clouds,28.1667,94.7667,Hotel West
312,Muros,ES,84.69,scattered clouds,42.7762,-9.0603,Apartment Av. Castelao
313,Hobyo,SO,76.6,scattered clouds,5.3505,48.5268,Halane Hotel and Restaurent
315,Wuwei,CN,73.76,overcast clouds,37.9281,102.6414,Thank Inn Chain Hotel gansu wuwei liangzhou district xiguan middle road
316,Cap Malheureux,MU,71.47,scattered clouds,-19.9842,57.6142,Pereybere Hotel & Spa
317,Lata,PT,84.49,clear sky,40.1629,-8.3327,Casa Maquia
318,Nargana,PA,81.46,overcast clouds,9.4428,-78.5906,Dubbir
319,Kahului,US,76.84,clear sky,20.8947,-156.47,Maui Seaside Hotel
322,Sandpoint,US,75.72,overcast clouds,48.2766,-116.5533,Hotel Ruby Sandpoint/Ponderay
323,Nabire,ID,75.76,broken clouds,-3.3667,135.4833,Hotel Nusantara I
327,Nueva Loja,EC,74.7,overcast clouds,0.0847,-76.8828,Limoncocha Great Hotel
329,San Quintin,MX,71.28,broken clouds,30.4833,-115.95,Don Eddie's Sport Fishing Center
333,Bhinmal,IN,81.54,overcast clouds,25.0,72.25,Jambheswar Bhavan(Gopi Khilery)
334,Shache,CN,74.71,overcast clouds,38.4167,77.2406,Delong Hotel
338,Huaicheng,CN,79.72,overcast clouds,23.9051,112.1931,Tengye Hotel
341,Meulaboh,ID,78.13,light rain,4.1363,96.1285,Kost Pria
342,Abonnema,NG,81.91,light rain,4.7084,6.7931,Corper's Lodge Obonoma
343,Libertador General San Martin,AR,73.98,clear sky,-23.8064,-64.7876,Posada del Sol
344,Kendari,ID,72.05,few clouds,-3.945,122.4989,Hotel Wixel
349,Eureka,US,70.2,clear sky,40.8021,-124.1637,Eureka Inn Trademark By Wyndham
350,Xuddur,SO,83.93,clear sky,4.1213,43.8894,Banjanay Hotel
352,Hasaki,JP,75.29,broken clouds,35.7333,140.8333,Inubosaki Kanko Hotel
358,Banda Aceh,ID,79.47,overcast clouds,5.5577,95.3222,OYO 884 Rumoh PMI Hotel
360,Vila,PT,83.7,broken clouds,42.0304,-8.1588,Hotel Castrum Villae by Walk Hotels
362,Chardara,KZ,73.18,clear sky,41.2547,67.9692,Жанаргул
366,Oktyabrskoye,RU,76.35,overcast clouds,43.0645,44.7417,Prolesok Mini-hotel
375,Maceio,BR,78.1,broken clouds,-9.6658,-35.7353,Hotel Ponta Verde Maceió
376,Westport,US,77.09,overcast clouds,41.1415,-73.3579,The Westport Inn
378,Dixon,US,74.89,clear sky,38.4455,-121.8233,Best Western Plus Dixon Davis
379,Karratha,AU,72.84,light rain,-20.7377,116.8463,ibis Styles Karratha
381,Labuhan,ID,78.35,scattered clouds,-6.8844,112.2051,DoubleFAG
382,Negombo,LK,79.57,overcast clouds,7.2083,79.8358,Hotel Sunset Beach
383,Quang Ngai,VN,78.28,broken clouds,15.1167,108.8,Central Hotel
384,Oktyabrskiy,RU,71.51,clear sky,54.4815,53.471,Гостиница Октябрьская
386,Mae Hong Son,TH,74.89,overcast clouds,19.3003,97.9685,Baiyoke Chalet Hotel
388,Beyneu,KZ,84.07,clear sky,45.3167,55.2,NUR
389,Kapit,MY,73.65,broken clouds,2.0167,112.9333,Hotel Meligai Kapit
391,Huambo,AO,81.28,few clouds,-12.7761,15.7392,SiSHotel
396,Cha Grande,BR,73.8,overcast clouds,-8.2383,-35.4617,Pousada Adália
400,Basoko,CD,76.48,moderate rain,1.2391,23.616,Jackyna Hotel
401,Gharo,PK,83.28,overcast clouds,24.7424,67.5856,Fotis Lodge
403,Mezen,RU,70.52,overcast clouds,65.8522,44.24,Gostevoy Dom Everest
404,Lufilufi,WS,78.24,scattered clouds,-13.8745,-171.5986,Leuaina Beach Resort and Spa
405,Arkhangelsk,RU,73.11,overcast clouds,64.5401,40.5433,DVINA HOTEL
406,Kloulklubed,PW,84.29,broken clouds,7.0419,134.2556,Storyboard Beach Resort
413,Lhokseumawe,ID,79.61,overcast clouds,5.1801,97.1507,OYO 3278 Penginapan Alfajri
416,Casambalangan,PH,78.49,overcast clouds,18.3765,122.1274,Villa Saturnina
417,Boyolangu,ID,74.03,broken clouds,-8.1181,111.8935,Yos ega cv
418,Ukiah,US,76.37,clear sky,39.1502,-123.2078,Hampton Inn Ukiah
419,Namatanai,PG,78.37,scattered clouds,-3.6667,152.4333,Seagulls Inn Namatani
420,Kota Tinggi,MY,82.29,broken clouds,1.7381,103.8999,Canopy Tribe
426,Sredniy Ikorets,RU,82.44,broken clouds,51.0675,39.7584,"Motel' ""Yolochka"""
427,Samarai,PG,78.55,light rain,-10.6167,150.6667,Nuli Sapi
428,Yankton,US,78.12,clear sky,42.8711,-97.3973,"Holiday Inn Express & Suites Yankton, an IHG Hotel"
429,San Juan De Uraba,CO,84.58,overcast clouds,8.7592,-76.5297,Hotel Cerro De Zumba
430,Radom,PL,80.13,broken clouds,51.4025,21.1471,Hotel Iskra - Radom
433,Bloomington,US,80.33,broken clouds,44.8408,-93.2983,La Quinta Inn by Wyndham Minneapolis Airport Bloomington
434,Kavaratti,IN,81.21,moderate rain,10.5669,72.642,Green leaf
435,Marsh Harbour,BS,84.72,few clouds,26.5412,-77.0636,Abaco Beach Resort
436,Pathein,MM,74.73,overcast clouds,16.7833,94.7333,Pathein Hotel
437,Hami,CN,76.39,overcast clouds,42.8,93.45,Laoyutang Resort
438,Kinkala,CG,81.68,overcast clouds,-4.3614,14.7644,Hotel la Pepeche Kinkala
440,Dryden,CA,71.49,overcast clouds,49.7833,-92.7503,"Holiday Inn Express Dryden, an IHG Hotel"
442,Cornelio Procopio,BR,70.16,clear sky,-23.1811,-50.6467,Hotel Midas Cornélio Procópio
444,Goderich,CA,73.9,overcast clouds,43.7501,-81.7165,Harmony Inn
445,Save,BJ,83.97,light rain,8.0425,2.486,Le Cercle du Rail
446,Maumere,ID,76.96,scattered clouds,-8.6199,122.2111,Sylvia Hotel
447,South Bend,US,76.21,clear sky,41.6834,-86.25,DoubleTree by Hilton Hotel South Bend
448,Sechura,PE,73.2,clear sky,-5.5569,-80.8222,Hospedaje Costa Bella
449,Joshimath,IN,70.38,moderate rain,30.5667,79.5667,Shivalik Camps & Resort
452,Davila,PH,81.41,overcast clouds,18.4726,120.5763,Blue Ridge Beach Resort
455,Daigo,JP,71.71,overcast clouds,36.7667,140.35,Hotel Okukujikan
457,Flagstaff,US,73.56,clear sky,35.1981,-111.6513,Drury Inn & Suites Flagstaff
461,Cortes,ES,83.98,clear sky,41.9395,-1.4396,Rincon de bu
464,Margate,GB,74.1,broken clouds,51.3813,1.3862,Premier Inn Margate hotel
467,Kanzaki,JP,83.05,overcast clouds,33.3,130.3667,ホテル 和幸
468,Seoul,KR,76.51,overcast clouds,37.5683,126.9778,LOTTE HOTEL SEOUL
469,Bubaque,GW,82.02,few clouds,11.2833,-15.8333,"Casa Dora, Bubaque"
470,Seydi,TM,77.09,clear sky,39.4816,62.9137,Seydi oteli
474,Kindu,CD,84.4,scattered clouds,-2.95,25.95,Résidence Okanda
475,Lubango,AO,76.28,broken clouds,-14.9172,13.4925,Hotel Serra da Chela
476,Port-Gentil,GA,75.38,overcast clouds,-0.7193,8.7815,Fengshui Residence
477,Mao,ES,80.22,scattered clouds,39.8885,4.2658,ARTIEM Capri
480,Baringo,KE,76.42,broken clouds,0.4667,35.9667,Khoisang Hostels
481,Guerrero Negro,MX,72.97,overcast clouds,27.9769,-114.0611,"Casa Laguna, Bed & Breakfast"
482,Qui Nhon,VN,80.82,overcast clouds,13.7667,109.2333,Seagull Hotel
485,Salvador,SV,83.05,broken clouds,13.8333,-88.9167,Chico's Ranch
488,Gorontalo,ID,75.06,light rain,0.5412,123.0595,Maqna Hotel by Prasanthi
489,Eyl,SO,77.2,overcast clouds,7.9803,49.8164,Amiin Hotel
490,Miracema,BR,76.86,scattered clouds,-21.4122,-42.1967,Novo Hotel Varandas
491,Nogales,MX,76.71,scattered clouds,31.3086,-110.9422,Siesta Motel
492,Russell,US,79.02,overcast clouds,32.3502,-85.1999,Macs
497,Jatiroto,ID,71.8,broken clouds,-7.8833,111.1167,Mushola Al Huda
498,Vila Franca Do Campo,PT,73.8,overcast clouds,37.7167,-25.4333,Pestana Bahia Praia
499,Alofi,NU,73.92,clear sky,-19.0595,-169.9187,Taloa Heights
504,Hanzhong,CN,80.13,overcast clouds,33.0728,107.0303,Guorui Hotel
506,Beirut,LB,80.38,clear sky,33.8889,35.4944,"Crowne Plaza Beirut, an IHG Hotel"
508,Itoman,JP,84.4,clear sky,26.1247,127.6694,Southern Beach Hotel & Resort Okinawa
509,Half Moon Bay,US,71.58,few clouds,37.4636,-122.4286,"The Ritz-Carlton, Half Moon Bay"
510,Southbridge,US,73.22,overcast clouds,42.0751,-72.0334,Southbridge Hotel & Conference Center
511,Inirida,CO,78.82,overcast clouds,3.8653,-67.9239,Fuente del Guania Hotel de Lujo
514,Chino Valley,US,81.1,scattered clouds,34.7575,-112.4538,Primrose Inn & Suites
515,Ferrol,ES,73.24,broken clouds,43.4832,-8.2369,Hotel Spa Sercotel Odeón
516,Winnemucca,US,81.05,clear sky,40.973,-117.7357,Winners Inn Casino
517,Cartagena Del Chaira,CO,80.58,broken clouds,1.3349,-74.8429,HOTEL LA ROCA
519,Ingham,US,76.15,few clouds,42.6,-84.3833,Sunset Mobile Home Park
522,Tuy Hoa,VN,79.43,broken clouds,13.0833,109.3,CenDeluxe Hotel Tuy Hoa
524,Tautira,PF,76.5,light rain,-17.7333,-149.15,Pension Oaoa
525,Thunder Bay,CA,76.05,broken clouds,48.4001,-89.3168,Victoria Inn Hotel and Convention Centre
526,Kutum,SD,84.02,overcast clouds,14.2,24.6667,Dibbo areaمنطقة دبو
529,Gazanjyk,TM,79.92,clear sky,39.2446,55.5154,Railway motel
531,Thoen,TH,75.45,overcast clouds,17.6129,99.2161,บ้านห้องนอน
532,Conde,BR,78.06,overcast clouds,-7.2597,-34.9075,Pousada Beija Flor
533,Mattru,SL,79.68,light rain,7.6244,-11.8332,"Mondkor Town, Bagbo Chiefdom, Bo District"
535,Kapan,AM,72.14,clear sky,39.2075,46.4058,Grand House
539,Price,US,73.11,clear sky,39.5994,-110.8107,National 9 - Price River Inn
541,Santa Rita Do Sapucai,BR,78.08,clear sky,-22.2522,-45.7033,Carlito's Hostel
542,Ribeira Grande,PT,73.76,scattered clouds,38.5167,-28.7,Quinta da Meia Eira
543,Praia,CV,81.25,overcast clouds,14.9215,-23.5087,LT Aparthotel
544,Atlantic City,US,81.18,overcast clouds,39.3643,-74.4229,Courtyard by Marriott Atlantic City Beach Block
546,Mattawa,US,80.02,overcast clouds,46.7379,-119.9028,Sun & Sand Mobile Home Park
547,Toms River,US,81.03,overcast clouds,39.9537,-74.1979,Howard Johnson by Wyndham Toms River
549,Shingu,JP,77.86,overcast clouds,33.7333,135.9833,Shingu UI Hotel
551,Vizianagaram,IN,82.9,overcast clouds,18.1167,83.4167,Anupriya Residency
552,Biu,NG,76.73,light rain,10.6129,12.1946,Emir's Palace
554,Kurud,IN,74.98,light rain,20.8322,81.7214,HOTEL DEWANGAN
555,Nishihara,JP,83.68,clear sky,26.1842,127.7558,Minshuku Agaihama
559,Divo,CI,78.1,light rain,5.8397,-5.36,Hôtel IROKO
560,Pemba,MZ,75.31,broken clouds,-12.974,40.5178,Guesthouse Samotina
566,Atyrau,KZ,84.79,clear sky,47.1167,51.8833,River Palace Hotel
567,Surin,TH,78.3,overcast clouds,14.8818,103.4936,One Fu Hotel
568,Katobu,ID,71.55,scattered clouds,-4.9408,122.5276,La Ode Husein
572,Mahon,ES,80.22,scattered clouds,39.8885,4.2658,ARTIEM Capri
573,Savannah Bight,HN,82.99,broken clouds,16.45,-85.85,Villa on Dunbar Rock
576,Tucuman,AR,71.49,clear sky,-26.8241,-65.2226,Dallas Hotel Tucuman
577,Pochutla,MX,84.81,scattered clouds,15.7432,-96.4661,Hotel Posada San Jose
579,Portland,US,74.91,clear sky,45.5234,-122.6762,Embassy Suites by Hilton Portland Downtown
582,Bela,IN,82.26,broken clouds,25.9333,81.9833,Raj Bhawan
584,Alim,PH,80.56,overcast clouds,9.5649,122.4876,Eden Island Resort and Spa
590,Saint-Francois,FR,73.67,clear sky,46.4154,3.9054,Manoir Du Bonheur
591,Ormara,PK,81.39,overcast clouds,25.2088,64.6357,Kenara Colony House for Rent
592,Padang,ID,77.88,moderate rain,-0.9492,100.3543,Mercure Padang
593,Jishou,CN,82.54,overcast clouds,28.3167,109.7167,7 Days Inn
595,Angoche,MZ,72.61,overcast clouds,-16.2325,39.9086,Guest House HESADA
596,Chato,TZ,75.24,scattered clouds,-2.6378,31.7669,Kagudule Lodge
597,Wakkanai,JP,70.68,overcast clouds,45.4094,141.6739,Hyōsetsu-sō
598,Porto Novo,BJ,80.46,overcast clouds,6.4965,2.6036,Tour Eiffel Hotel Benin
600,West Wendover,US,80.62,clear sky,40.7391,-114.0733,"Motel 6 Wendover, UT"
601,Ambon,ID,78.89,few clouds,-3.6954,128.1814,Swiss-Belhotel Ambon
603,Puerto Del Rosario,ES,79.86,scattered clouds,28.5004,-13.8627,Hotel JM Puerto del Rosario
604,Sao Jose Da Coroa Grande,BR,77.16,overcast clouds,-8.8978,-35.1478,Crôa Mares Hotel
607,Tampere,FI,70.16,clear sky,61.4991,23.7871,Holiday Club Tampere Spa
611,Lanzhou,CN,73.99,overcast clouds,36.0564,103.7922,Lanzhou Amdo Xiangbala Hotel
615,Kamaishi,JP,73.87,overcast clouds,39.2667,141.8833,Hotel Route Inn Kamaishi
618,Prachuap Khiri Khan,TH,82.58,overcast clouds,12.2167,99.75,ผกากรองรีสอร์ท
619,San Policarpo,PH,78.08,overcast clouds,12.1791,125.5072,Agapita M. Nicart
622,Zhezkazgan,KZ,72.93,broken clouds,47.8043,67.7144,Hotel Zumrat
623,Mana,GF,79.95,overcast clouds,5.6592,-53.7767,LE SAMANA
625,Gat,IL,84.81,clear sky,31.61,34.7642,OlusHome
627,Isangel,VU,70.59,scattered clouds,-19.55,169.2667,Tanna Lodge
629,Parry Sound,CA,71.26,overcast clouds,45.3501,-80.033,Bayside Inn
634,Yacuiba,BO,73.94,clear sky,-22.038,-63.6797,Hotel Monumental
637,Nimaparha,IN,84.04,overcast clouds,20.0667,86.0167,Gopinatha sweet
638,North Platte,US,82.11,clear sky,41.1239,-100.7654,"Holiday Inn Express & Suites North Platte, an IHG Hotel"
639,Harper,LR,78.37,overcast clouds,4.375,-7.7169,Screensaver
640,Grand Baie,MU,72.07,scattered clouds,-20.0182,57.5802,Trou aux Biches Beachcomber Golf Resort & Spa
641,Morehead,US,79.79,clear sky,37.2711,-87.1764,CCI Express Inn
642,Lingao,CN,81.03,overcast clouds,19.9103,109.6859,Lingao Ditai Inn
644,Safford,US,82.11,clear sky,32.834,-109.7076,SpringHill Suites by Marriott Thatcher
645,Iba,PH,76.69,moderate rain,15.3667,120.0333,Rancho Relaxo
647,Siderno,IT,79.34,few clouds,38.2779,16.302,Grand Hotel President
648,Tambopata,PE,83.95,few clouds,-12.7333,-69.1833,Enashawa Lodge
651,Keti Bandar,PK,82.49,overcast clouds,24.1447,67.4497,Haji laloo memon house
652,Port Keats,AU,70.3,clear sky,-14.25,129.55,TDC Village (Hundred Man Camp)
653,Karpathos,GR,79.65,few clouds,35.507,27.2132,Alex
654,Aquin,HT,84.38,overcast clouds,18.2833,-73.4,Asheev Beach
660,Ikom,NG,78.8,moderate rain,5.9667,8.7063,Ebenezer Beim excellence hotel
661,Chhagalnaiya,BD,80.91,moderate rain,23.03,91.5069,West Chhagalnaiya
662,Merta,IN,77.92,light rain,26.65,74.0333,V Resorts Ganthiya
664,Farmington,US,77.77,clear sky,36.7281,-108.2187,Courtyard by Marriott Farmington
665,Caravelas,BR,70.43,overcast clouds,-17.7125,-39.2481,Pousada dos Navegantes
666,Forio,IT,82.81,overcast clouds,40.7342,13.8646,Hotel Terme Providence
668,Amberley,US,73.53,overcast clouds,39.2048,-84.428,Days Inn & Suites by Wyndham Cincinnati
669,Moshny,UA,80.65,scattered clouds,49.5147,31.7476,Кемпинг
671,Lasa,IT,76.69,scattered clouds,46.6166,10.7002,Pension Feldgärtenhof
673,Macarthur,PH,78.6,overcast clouds,10.8347,124.9953,"Irenea ""Yeyeng"" Demaculangan Moreno"
675,Yenagoa,NG,80.56,light rain,4.9247,6.2642,Aridolf Resort Wellness and Spa
676,Luanda,AO,80.6,clear sky,-8.8368,13.2343,EPIC SANA Luanda
677,Santa Lucia,ES,77.76,scattered clouds,27.9117,-15.5407,Las Tirajanas
680,Nhulunbuy,AU,71.6,clear sky,-12.2333,136.7667,East Arnhem Real Estate
681,Olenino,RU,72.03,overcast clouds,56.2092,33.4889,Kolos
